2022-12-19 19:25:06 UTC,93045,Jose,Alvarez,42,jose.alvarez@example.com,Little Thetford,Ely,CB6,UK,52.40859244,0.2223891147
2020-07-31 10:25:20 UTC,10434,Gary,Hicks,56,hicks,Aldreth,Ely,CB6,UK,52.39756236,0.2260116699
2022-08-19 21:54:30 UTC,75726,Frank,Thomas,63,frank.thomas@example.com,Witcham,Ely,CB6,UK,52.40629595,0.2159991185
2021-08-19 10:48:47 UTC,37177,Dale,Love,39,dale.love@example.com,Witcham,Ely,CB6,UK,52.39926944,0.2293514311
2020-06-19 11:07:42 UTC,8333,Neil,Fizer,14,neil.fizer@example.com,Apes Hall,Ely,CB6,UK,52.39752926,0.2246657403
2020-02-13 11:47:24 UTC,2242,Steven,White,39,steven.white@example.com,Witcham,Ely,CB6,UK,52.40051395,0.2328296654
2022-11-29 17:53:14 UTC,89734,Thomas,Logan,16,thomas.logan@example.com,Witcham,Ely,CB6,UK,52.39928256,0.2236054054
2022-10-22 11:42:52 UTC,83811,Arthur,Diaz,97,arthur.diaz,Aldreth,Ely,CB6,UK,52.40063948,0.2284990362
2020-06-11 01:48:59 UTC,7967,Glen,Schneider,63,glen.schneider@example.com,Apes Hall,Ely,CB6,UK,52.40013549,0.2185730875
2020-01-27 10:18:16 UTC,1333,Lee,Hodson,18,lee.hodson@example.com,Witcham,Ely,CB6,UK,52.39865382,0.2170883111
2021-10-26 10:23:59 UTC,,William,Long,29,william.long@example.com,Chippenham,Ely,CB7,UK,52.36557078,0.3091317822
2022-03-14 11:17:24 UTC,58854,Kevin,Wilkins,44,,Upware,Ely,CB7,UK,52.37520982,0.3127783122
2020-09-14 11:03:47 UTC,12929,Steve,Wells,57,steve.wells@example.com,Prickwillow,Ely,CB7,UK,52.37884057,0.3151057067
2022-12-20 20:40:27 UTC,93417,Jason,Preciado,56,jason.preciado@example.com,Edenfield,Bury,BL0,UK,53.63686308,-2.323189806
2022-09-06 12:09:48 UTC,77936,Anthony,Morton,19,anthony.morton,Greenmount,Bury,BL8,UK,53.60540539,-2.328936415
2022-09-06 18:15:21 UTC,77965,John,Glenn,14,john.glenn@example.com,Brandlesholme,Bury,BL8,UK,53.60854999,-2.328662489
2021-06-18 15:08:48 UTC,32540,Michael,Saldivar,12,michael.saldivar@example.com,Greenmount,Bury,BL8,UK,53.5994336,-2.325158349
2022-12-16 11:29:39 UTC,92776,Joseph,Young,36,joseph.young@example.com,Ramsbottom,Bury,BL8,UK,53.5988086,-2.325972527
2022-12-01 16:46:21 UTC,90235,Mark,Moreno,24,mark.moreno@example.com,Hawkshaw,Bury,BL8,UK,53.6095189,-2.326518934
2022-05-05 10:37:27 UTC,64399,Scott,Adams,41,scott.adams@example.com,Heap Bridge,Bury,BL9,UK,53.6005736,-2.29548047
2022-10-17 13:28:01 UTC,83022,John,Bryant,16,john.bryant@example.com,Nangreaves,Bury,BL9,UK,53.5868409,-2.282340685
2022-10-24 09:53:05 UTC,83959,Frank,Cooper,57,example.com,Walmersley,Bury,BL9,UK,53.59257016,-2.291086162
2021-07-16 11:18:39 UTC,34621,Joseph,Upton,12,joseph.upton@example.com,Bury,Bury,BL9,UK,53.58596458,-2.28244567
2020-11-17 01:40:12 UTC,17278,Robert,Jefferson,36,robert.jefferson@example.com,Walmersley,Bury,BL9,UK,53.58399333,-2.287276006
2022-11-18 20:08:17 UTC,88023,Charles,Brant,14,charles.brant@example.com,Walmersley,Bury,BL9,UK,53.58540508,-2.283408656
2020-12-29 02:41:05 UTC,107204,Bradley,Knipe,48,bradley.knipe@example.com,Bury,Bury,BL9,UK,53.58509907,-2.292231573
2020-11-12 16:26:57 UTC,,Anthony,Walker,70,anthony.walker@example.com,Albourne,Lewes,BN6,UK,50.92353109,-0.1611342291
2022-05-18 20:32:58 UTC,65701,Jordan,Nolan,,jordan.nolan@example,Hassocks,Lewes,BN6,UK,50.92335845,-0.1556975002
2022-02-14 17:46:04 UTC,55843,John,Leatherwood,25,john.leatherwood@example.com,Plumpton Green,Lewes,BN7,UK,50.87212826,0.01113398418
2020-07-02 12:36:40 UTC,9008,Alvin,Wood,62,alvin.wood@example.com,Southease,Lewes,BN7,UK,50.87656696,0.009430346077
2020-07-06 07:51:17 UTC,9165,Donald,Kleiber,39,donald.kleiber@example.com,Southease,Lewes,BN7,UK,50.87905336,-0.005031699935
2022-02-17 16:03:37 UTC,56225,Juan,Ingram,16,juan.ingram@example.com,Swanborough,Lewes,BN7,UK,50.88261072,0.009220415926
2020-09-28 10:13:22 UTC,13808,Larry,Forman,64,,Hamsey,Lewes,BN8,UK,50.91048224,0.05599379129
2020-12-06 17:53:27 UTC,18713,Roger,Wise,63,roger.wise@example.com,Ringmer,Lewes,BN8,UK,50.92052823,0.04291676898
2022-02-07 06:42:48 UTC,54991,Frederick,Evans,12,frederick.evans@example.com,Chailey Green,Lewes,BN8,UK,50.90432402,0.04974367143
2022-02-09 15:01:35 UTC,55216,Gary,Larsen,48,gary.larsen@example.com,South Chailey,Lewes,BN8,UK,50.91648693,0.05680198672
2020-11-18 09:55:16 UTC,17346,Lowell,Bowles,14,lowell.bowles@example.com,Shortgate,Lewes,BN8,UK,50.91534517,0.04879781645
2021-04-07 09:40:14 UTC,27589,Joseph,Garcia,16,joseph.garcia@example.com,Tarring Neville,Lewes,BN9,UK,50.79456703,0.02986518987
2021-12-08 09:12:27 UTC,48585,David,Gant,47,david.gant@example.com,Tarring Neville,Lewes,BN9,UK,50.78828202,0.03390732421
2022-12-20 01:28:18 UTC,93367,Marcus,Lightle,57,marcus.lightle@example.com,South Heighton,Lewes,BN9,UK,50.80343053,0.03203479258
2022-07-04 12:36:40 UTC,70428,Martin,Hampton,62,martin.hampton@example.com,East Finchley,Barnet,N2,UK,51.59063475,-0.1769148993
2022-06-04 18:26:35 UTC,67354,Sydney,Inoue,62,sydney,Finchley Central,Barnet,N3,UK,51.59357275,-0.1942502233
2020-12-17 06:56:08 UTC,19650,Armand,Isler,16,armand.isler@example.com,Finchley,Barnet,N3,UK,51.60484201,-0.1913474957
2022-11-29 05:44:15 UTC,89795,Alfonso,Boyd,16,alfonso.boyd@example.com,Finchley,Barnet,N3,UK,51.60067332,-0.1881968015
2021-05-06 14:09:04 UTC,29580,George,Campos,63,george.campos@example.com,Heaton,Bolton,BL1,UK,53.5887095,-2.443805181
2021-05-02 21:36:36 UTC,29276,Jeffrey,Clanton,14,jeffrey.clanton@example.com,Smithills,Bolton,BL1,UK,53.58982423,-2.440229553
2020-03-26 06:54:33 UTC,,Chris,Smith,37,chris.smith@example.com,Halliwell,Bolton,BL1,UK,53.59695347,-2.448041178
2021-12-24 21:16:43 UTC,50515,Ricardo,Black,48,ricardo.black@example.com,Smithills,Bolton,BL1,UK,53.58952279,-2.444230772
2020-11-02 10:57:19 UTC,16062,Patrick,Johnson,14,patrick.johnson@example.com,Ainsworth,Bolton,BL2,UK,53.58209434,-2.394574529
2022-02-14 07:33:33 UTC,55778,Willis,Kramer,38,,Tonge Moor,Bolton,BL2,UK,53.57974623,-2.402695536
2020-02-12 08:01:51 UTC,91918,George,Hill,16,george.hill@example.com,Tonge Moor,Bolton,BL2,UK,53.58336571,-2.398551274
2021-03-16 15:09:55 UTC,25941,Richard,Gillespie,64,richard.gillespie@example.com,Harwood,Bolton,BL2,UK,53.58588443,-2.404352749
2020-10-26 09:05:38 UTC,15573,John,Burrell,51,john.burrell@example.com,Ainsworth,Bolton,BL2,UK,53.5807953,-2.40409684
2022-11-02 11:09:39 UTC,85396,Michael,Perrine,12,michael.perrine@example.com,Harwood,Bolton,BL2,UK,53.58969629,-2.396888807
2021-03-08 08:44:26 UTC,25447,Marco,Scherer,49,marco.scherer@example.com,Tonge Moor,Bolton,BL2,UK,53.59297417,-2.402616782
2022-07-05 09:50:01 UTC,,James,Peden,69,james.peden@example.com,Little Lever,Bolton,BL3,UK,53.56346384,-2.431024592
2021-11-08 10:22:28 UTC,44978,Herman,Caldwell,33,@,Little Lever,Bolton,BL3,UK,53.56493853,-2.432767377
2022-01-06 10:08:36 UTC,51858,James,Smith,39,james.smith@example.com,Kearsley,Bolton,BL4,UK,53.54521791,-2.406101176
2020-12-25 10:55:30 UTC,20358,Edward,Moon,16,edward.moon@example.com,Farnworth,Bolton,BL4,UK,53.55474704,-2.408628836
2022-12-10 16:47:02 UTC,106201,Christopher,Jensen,30,christopher.jensen@example.com,Kearsley,Bolton,BL4,UK,53.54206228,-2.405112983
2020-07-29 16:07:30 UTC,10311,Charles,Weeks,46,charles.weeks@example.com,Over Hulton,Bolton,BL5,UK,53.55680362,-2.517049437
2020-01-01 19:24:12 UTC,137,Joe,Jones,48,joe.jones@example.com,Blackrod,Bolton,BL6,UK,53.59192782,-2.537388616
2021-06-01 12:48:43 UTC,31338,Timothy,White,59,example.com,Lostock,Bolton,BL6,UK,53.59720726,-2.540022221
2021-11-15 19:22:04 UTC,45805,Max,Means,16,max.means@example.com,Lostock,Bolton,BL6,UK,53.59652344,-2.538215242
2022-11-10 21:55:58 UTC,86681,Alfred,Jackson,82,alfred.jackson@example.com,Blackrod,Bolton,BL6,UK,53.58993435,-2.547580569
2020-02-09 03:53:14 UTC,2031,Johnnie,Rosado,48,johnnie.rosado@example.com,Bolton,Bolton,BL7,UK,53.62161728,-2.41449554
2020-08-05 08:29:54 UTC,,Daniel,Carroll,33,daniel.carroll@example.com,Belmont,Bolton,BL7,UK,53.63144467,-2.427345706
2020-08-30 20:11:12 UTC,,Ricardo,Jordan,14,ricardo.jordan@example.com,Lower Edmonton,Enfield,N9,UK,51.6320383,-0.0631434156
2022-10-28 15:48:10 UTC,84664,Samuel,Leonard,49,samuel.leonard@example.com,Lower Edmonton,Enfield,N9,UK,51.63131935,-0.06263175492
2022-12-02 20:43:51 UTC,90361,Dane,Wright,46,dane.wright@example.com,Wineham,Horsham,BN5,UK,50.93266049,-0.2671527786
2021-01-14 12:17:11 UTC,21849,Adam,Neuman,36,adam.neuman,Weaste,Salford,M5,UK,53.48168705,-2.281726773
2022-01-25 12:57:40 UTC,53679,Guy,Benson,54,guy.benson@example.com,Ordsall,Salford,M5,UK,53.48620861,-2.282421853
2022-11-25 19:13:05 UTC,,Robert,Todd,52,robert.todd@example.com,Charlestown,Salford,M6,UK,53.49719989,-2.303323438
2021-09-27 20:01:45 UTC,40732,Donald,Howard,63,donald.howard@example.com,Irlams O' Th' Height,Salford,M6,UK,53.49833659,-2.299832866
2021-12-16 10:45:59 UTC,49535,Wiley,Curley,43,wiley.curley@example.com,Hesket Newmarket,Allerdale,CA7,UK,54.81637611,-3.229193724
2022-08-06 11:58:25 UTC,,Adrian,Tolbert,33,,Aspatria,Allerdale,CA7,UK,54.81554267,-3.232825304
2022-03-18 01:28:33 UTC,59340,Kurtis,Wilcox,57,kurtis.wilcox@example.com,Aspatria,Allerdale,CA7,UK,54.80207281,-3.231228917
2022-09-07 20:21:20 UTC,78162,Benny,Murry,14,benny.murry@example.com,Caldbeck,Allerdale,CA7,UK,54.80266047,-3.228342934
2021-04-02 13:25:28 UTC,27174,Brenton,Kinney,14,brenton.kinney@example.com,Felsted,Uttlesford,CM6,UK,51.88649843,0.3648757113
2022-02-11 16:48:25 UTC,,David,Williams,47,david.williams@example.com,Felsted,Uttlesford,CM6,UK,51.8746987,0.3805200191
2022-04-18 21:08:36 UTC,62595,William,Morales,43,william.morales@example.com,Felsted,Uttlesford,CM6,UK,51.87091173,0.3693174823
2021-10-06 10:12:20 UTC,41676,Brandon,Anderson,44,brandon.anderson@example.com,Moreton,Epping Forest,CM5,UK,51.72305467,0.2455255725
2020-04-09 14:44:31 UTC,5006,Emil,Flemings,59,emil.flemings@example.com,Bobbingworth,Epping Forest,CM5,UK,51.71086354,0.2475378727
2021-08-18 14:27:55 UTC,99852,Anthony,Isham,38,anthony.isham@example.com,Moreton,Epping Forest,CM5,UK,51.72140739,0.2440508778
2022-08-30 14:07:17 UTC,76955,Robert,Lim,22,robert.lim@example.com,Templecombe,South Somerset,BA8,UK,50.99267123,-2.40204418
2021-01-19 09:24:17 UTC,22106,James,Douglas,64,james.douglas@example.com,Ayot St Lawrence,Welwyn Hatfield,AL6,UK,51.82602597,-0.1933141612
2022-11-21 19:36:13 UTC,,Max,Leffler,47,max.leffler@example.com,Lemsford,Welwyn Hatfield,AL8,UK,51.79967448,-0.20798429
2021-01-14 09:06:25 UTC,97754,Henry,Poythress,16,henry.poythress@example.com,Studley,Stratford-on-Avon,B80,UK,52.27590554,-1.890761951
2022-12-23 12:35:39 UTC,93980,John,Mcneill,12,john.mcneill@example.com,Henley-in-Arden,Stratford-on-Avon,B95,UK,52.29425779,-1.785716812
2022-10-04 16:27:11 UTC,81398,Roland,Santiago,14,roland.santiago@example.com,Henley-in-Arden,Stratford-on-Avon,B95,UK,52.29273815,-1.77364355
2020-04-29 22:35:27 UTC,6043,Norman,Hurley,93,norman.hurley@example.com,Water Orton,North Warwickshire,B46,UK,52.50481641,-1.700915573
2020-06-14 19:32:53 UTC,8081,Joseph,Chavez,63,example.com,Water Orton,North Warwickshire,B46,UK,52.50129443,-1.705245292
2021-02-01 13:28:36 UTC,22963,Stephen,Canales,27,stephen.canales@example.com,Coleshill,North Warwickshire,B46,UK,52.51198339,-1.706349183
2021-11-05 15:52:46 UTC,44658,Paul,Williams,43,,Kensington,Kensington and Chelsea,W8,UK,51.50700611,-0.1902795569
2021-03-23 13:22:25 UTC,26490,Richard,Coley,41,richard.coley@example.com,Kensington,Kensington and Chelsea,W8,UK,51.49340882,-0.1969796509
2020-08-31 05:52:27 UTC,11961,Bobby,Morales,47,bobby.morales@example.com,Kensington,Kensington and Chelsea,W8,UK,51.50500464,-0.1911266634
2022-12-20 06:08:53 UTC,93390,Edwin,Skinner,38,edwin.skinner@example.com,Kensington,Kensington and Chelsea,W8,UK,51.49991524,-0.1935990094
2021-01-21 19:26:11 UTC,22256,John,Schroeder,20,john.schroeder@example.com,Wythall,Bromsgrove Worcestershire,B47,UK,52.38996797,-1.88828336
2022-02-15 22:37:14 UTC,55900,Duane,King,14,duane,Wythall,Bromsgrove Worcestershire,B47,UK,52.3907419,-1.876981092
2022-09-14 11:15:25 UTC,79045,Herman,Reid,42,herman.reid@example.com,Wythall,Bromsgrove Worcestershire,B47,UK,52.38068163,-1.875560876
